Company ID,Company Name,ATS Provider,ATS Board Token,URL,Verification
71,Datacurve,ashby,datacurve,https://jobs.ashbyhq.com/datacurve,Verified
83,Ello,ashby,ello,https://jobs.ashbyhq.com/ello,Verified
87,favorited,ashby,favorited,https://jobs.ashbyhq.com/favorited,Verified
88,Felicity,ashby,felicity,https://jobs.ashbyhq.com/felicity,Verified
98,FleetWorks,ashby,fleetworks,https://jobs.ashbyhq.com/fleetworks,Verified
119,Hedra,ashby,hedra,https://jobs.ashbyhq.com/hedra,Verified
131,Idler,ashby,idler,https://jobs.ashbyhq.com/idler,Verified
159,Matic Robots,ashby,MaticRobots,https://jobs.ashbyhq.com/MaticRobots,Verified
166,Mirage,ashby,mirage,https://jobs.ashbyhq.com/mirage,Verified
187,Outpost,ashby,outpost,https://jobs.ashbyhq.com/outpost,Verified
220,Red 6,ashby,red6,https://jobs.ashbyhq.com/red6,Verified
238,Seneca,ashby,seneca,https://jobs.ashbyhq.com/seneca,Verified
241,Serval,ashby,serval,https://jobs.ashbyhq.com/serval,Verified
242,Sesame,ashby,sesame,https://jobs.ashbyhq.com/sesame,Verified
253,Sorare,ashby,Sorare,https://jobs.ashbyhq.com/Sorare,Verified
276,Tennr,ashby,tennr,https://jobs.ashbyhq.com/tennr,Verified
281,Thaleron,ashby,thaleron,https://jobs.ashbyhq.com/thaleron/,Verified
319,Advanced Electric Machines (AEM),BambooHR,advancedelectricmachines,https://advancedelectricmachines.bamboohr.com/careers,Verified
322,Channelscaler,BambooHR,channelscaler,https://channelscaler.bamboohr.com/careers/,Verified
323,CybSafe,BambooHR,cybsafe,https://cybsafe.bamboohr.com/careers,Verified
326,Forecast,BambooHR,forecasthq,https://forecasthq.bamboohr.com/careers,Verified
332,Joymo,BambooHR,joymo,https://joymo.bamboohr.com/careers/,Verified
342,relic entertainment,bamboohr,11,https://relicentertainment.bamboohr.com/careers/11,Verified
343,Schell Games,bamboohr,careers,https://sg.bamboohr.com/careers,Verified
345,Splyt,bamboohr,splyt,https://splyt.bamboohr.com/careers,Verified
348,Village,BambooHR,vilcap,https://vilcap.bamboohr.com/careers,Verified
364,Google,Custom,https://www.google.com/about/careers/applications/jobs/results,https://www.google.com/about/careers/applications/jobs/results,Verified
370,2k vegas,greenhouse,2kvegas,https://boards.greenhouse.io/2kvegas,Verified
371,31st Union,greenhouse,31stunion,https://boards.greenhouse.io/31stunion,Verified
372,5minlab,greenhouse,5minlab,https://job-boards.greenhouse.io/5minlab,Verified
375,ABBYY,greenhouse,abbyy,https://boards.eu.greenhouse.io/abbyy,Verified
377,Absurd Ventures,greenhouse,absurdventures,https://job-boards.greenhouse.io/absurdventures/,Verified
385,Affinity,greenhouse,affinity,https://boards.greenhouse.io/affinity,Verified
387,Agoda,greenhouse,agoda,https://boards.greenhouse.io/agoda,Verified
392,Aisera,greenhouse,aiserajobs,https://boards.greenhouse.io/aiserajobs,Verified
397,Alten Technology,greenhouse,altentechnologyusa,https://boards.greenhouse.io/altentechnologyusa,Verified
405,Any Desk,greenhouse,anydesk,https://boards.greenhouse.io/anydesk,Verified
408,Appier,greenhouse,appier,https://job-boards.greenhouse.io/appier/,Verified
411,Appnovation,greenhouse,appnovation,https://www.appnovation.com/careers#current-openings,Verified
413,Arcadia,greenhouse,arcadiacareers,https://boards.greenhouse.io/arcadiacareers/,Verified
414,Archipelago,greenhouse,onarchipelago,https://boards.greenhouse.io/onarchipelago,Verified
415,Arkose Labs,greenhouse,arkoselabs,https://boards.greenhouse.io/arkoselabs/,Verified
422,AssetWatch®,greenhouse,assetwatch,https://boards.greenhouse.io/assetwatch,Verified
424,Atomic cartoons,greenhouse,atomiccartoons,https://boards.greenhouse.io/atomiccartoons,Verified
426,Auctane,greenhouse,auctane,https://job-boards.greenhouse.io/auctane/,Verified
429,Avathon,greenhouse,avathon,https://boards.greenhouse.io/avathon,Verified
430,Axi,Greenhouse,axicorpfinancialservicesptyltd,https://boards.greenhouse.io/axicorpfinancialservicesptyltd,Verified
431,Axle,greenhouse,axle,https://boards.greenhouse.io/axle,Verified
434,Azra Games,greenhouse,azragames,https://job-boards.greenhouse.io/azragames?gh_src=df9df1d67us,Verified
444,Bird Grey,greenhouse,birdygrey,https://boards.greenhouse.io/birdygrey/,Verified
448,Blenheim Chalcot India,greenhouse,blenheimchalcotindia,https://boards.greenhouse.io/blenheimchalcotindia,Verified
454,bluehole,greenhouse,bluehole,https://boards.greenhouse.io/bluehole/,Verified
455,Bluevine India,greenhouse,bluevineindia,https://job-boards.greenhouse.io/bluevineindia,Verified
457,BOLD,greenhouse,bold,https://boards.greenhouse.io/bold,Verified
466,Britive,greenhouse,britive,https://boards.greenhouse.io/britive,Verified
467,Brooklinen,greenhouse,brooklinen,https://boards.greenhouse.io/brooklinen,Verified
468,BSE Global,greenhouse,bseglobal,https://boards.greenhouse.io/bseglobal,Verified
469,Bungie,greenhouse,bungie,https://job-boards.greenhouse.io/bungie,Verified
471,BuzzFeed,Greenhouse,buzzfeed,job-boards.greenhouse.io/buzzfeed,Verified
474,caliogo,greenhouse,celigo,https://boards.greenhouse.io/celigo,Verified
481,Capitolis,Greenhouse,capitolis,https://boards.greenhouse.io/capitolis,Verified
483,CarbonChain,greenhouse,carbonchain,https://job-boards.greenhouse.io/carbonchain/,Verified
486,cat daddy,greenhouse,catdaddy,https://boards.greenhouse.io/catdaddy,Verified
494,Christ Fellowship,greenhouse,christfellowship,https://boards.greenhouse.io/christfellowship/,Verified
499,Cloud Chamber,greenhouse,cloudchamberen,https://boards.greenhouse.io/cloudchamberen,Verified
503,Coefficient,Greenhouse,coefficient,https://boards.greenhouse.io/coefficient,Verified
513,Coursera,greenhouse,coursera,https://job-boards.greenhouse.io/coursera,Verified
526,Definitive Healthcare,greenhouse,definitivehcindia,https://boards.greenhouse.io/definitivehcindia,Verified
527,DEPT,greenhouse,dept,https://boards.greenhouse.io/dept,Verified
528,Detroit Lions,greenhouse,detroitlions,https://boards.greenhouse.io/detroitlions,Verified
540,DOTS games,greenhouse,dots,https://boards.greenhouse.io/dots,Verified
543,Dropbox,greenhouse,dropbox,https://boards.greenhouse.io/dropbox,Verified
548,Dynamis Inc,greenhouse,dynamisinc,https://boards.greenhouse.io/dynamisinc,Verified
550,easygo,greenhouse,easygo,https://job-boards.greenhouse.io/easygo,Verified
552,eClinical Solutions,greenhouse,eclinicalsolutions,https://job-boards.greenhouse.io/eclinicalsolutions,Verified
558,Encore,greenhouse,encore,https://boards.greenhouse.io/encore,Verified
562,Entrupy,greenhouse,entrupy,https://boards.greenhouse.io/entrupy,Verified
570,Everlane,greenhouse,everlane,https://boards.greenhouse.io/everlane,Verified
576,FC Cincinnati,greenhouse,fccincinnati,https://boards.greenhouse.io/fccincinnati,Verified
579,Figment,Greenhouse,figment,https://boards.greenhouse.io/figment,Verified
582,Firaxis,greenhouse,firaxis,https://boards.greenhouse.io/firaxis,Verified
590,Fluxon,greenhouse,fluxon,https://job-boards.greenhouse.io/fluxon,Verified
592,Fora Travel,greenhouse,foratravel,https://boards.greenhouse.io/foratravel,Verified
597,Four Hands,greenhouse,fourhands,https://boards.greenhouse.io/fourhands,Verified
599,Fractile,greenhouse,fractile,https://job-boards.eu.greenhouse.io/fractile/,Verified
601,Fresh Prints,greenhouse,freshprints,https://boards.greenhouse.io/freshprints,Verified
611,Glance,greenhouse,glance,https://boards.greenhouse.io/glance,Verified
617,Go guardian,greenhouse,goguardian,https://boards.greenhouse.io/goguardian,Verified
622,good job games,greenhouse,goodjobgames,https://job-boards.greenhouse.io/goodjobgames,Verified
628,GreenWave™ Radios,greenhouse,greenwaveradios,https://boards.greenhouse.io/greenwaveradios,Verified
631,Groupon,greenhouse,groupon,https://job-boards.eu.greenhouse.io/groupon/,Verified
632,Growe,greenhouse,growe,https://boards.greenhouse.io//growe,Verified
633,Groww,greenhouse,groww,https://boards.greenhouse.io/groww,Verified
635,Guild,greenhouse,guild,https://boards.greenhouse.io/guild,Verified
637,Gymshark,greenhouse,gymshark,https://job-boards.eu.greenhouse.io/gymshark/,Verified
638,Halcyon,greenhouse,halcyon,https://boards.greenhouse.io/halcyon,Verified
640,Haven Studios Inc,greenhouse,haven,https://job-boards.greenhouse.io/haven,Verified
641,HB studios,greenhouse,hbstudios,https://boards.greenhouse.io/hbstudios,Verified
646,High Drive,greenhouse,highdive,https://job-boards.greenhouse.io/highdive?gh_src=eca459b67us,Verified
649,Housemarque,greenhouse,housemarque,https://job-boards.greenhouse.io/housemarque,Verified
651,HunterDouglas,greenhouse,hunterdouglas,https://boards.greenhouse.io/hunterdouglas,Verified
658,In The Pocket,greenhouse,inthepocket,https://boards.greenhouse.io/inthepocket,Verified
660,InMobi,greenhouse,inmobi,https://boards.greenhouse.io/inmobi,Verified
663,Insomniac,greenhouse,insomniac,https://boards.greenhouse.io/insomniac,Verified
665,Instabase,greenhouse,instabase,https://boards.greenhouse.io/instabase,Verified
679,Journey,greenhouse,journey,https://journey-travel.jobs.personio.de/,Verified
684,Kailera,greenhouse,kailera,https://boards.greenhouse.io/kailera,Verified
689,keen software houses,greenhouse,keensoftwarehouseas,https://boards.eu.greenhouse.io/keensoftwarehouseas,Verified
696,Krafton India,greenhouse,kraftonindia,https://boards.greenhouse.io/kraftonindia,Verified
697,KRAFTON Montréal Studio,greenhouse,studiokraftonboard,https://boards.greenhouse.io/studiokraftonboard,Verified
698,LA Clippers,greenhouse,laclippers,https://boards.greenhouse.io/laclippers,Verified
702,legion,greenhouse,legion,https://boards.greenhouse.io/legion,Verified
713,Luno,greenhouse,luno,https://job-boards.greenhouse.io/luno/,Verified
716,Mangopay,greenhouse,mangopay,https://boards.greenhouse.io/mangopay,Verified
720,Mast,greenhouse,mast,https://job-boards.eu.greenhouse.io/mast/,Verified
721,Matte projects,greenhouse,matteprojects,https://boards.greenhouse.io/matteprojects,Verified
723,McAfee,greenhouse,mcafee,https://boards.greenhouse.io/mcafee,Verified
730,MiQ,greenhouse,miqdigital,https://job-boards.greenhouse.io/miqdigital,Verified
736,Mobius,greenhouse,mobius,https://boards.greenhouse.io/mobius,Verified
741,Monster Energy,greenhouse,monsterenergy,https://boards.greenhouse.io/monsterenergy,Verified
748,N26,greenhouse,N26,https://boards.greenhouse.io/N26,Verified
755,New Globe,greenhouse,newglobesandbox,https://job-boards.greenhouse.io/newglobesandbox,Verified
759,NK Securities Research,greenhouse,nksecuritiesresearch,https://boards.greenhouse.io/nksecuritiesresearch,Verified
789,Outfit7,greenhouse,outfit7,https://boards.greenhouse.io/outfit7,Verified
791,Overdare,greenhouse,overdare,https://boards.greenhouse.io/overdare,Verified
795,Panic Button,greenhouse,panicbutton,https://boards.greenhouse.io/panicbutton,Verified
797,Pay.UK,greenhouse,payuk,https://job-boards.eu.greenhouse.io/payuk/,Verified
798,Pay2,greenhouse,pay2dc,https://boards.greenhouse.io/pay2dc/,Verified
801,Penn Interactive,greenhouse,penninteractive,https://job-boards.greenhouse.io/penninteractive,Verified
802,Performio,greenhouse,performio,https://boards.greenhouse.io/performio,Verified
806,PhonePe,greenhouse,phonepe,https://boards.greenhouse.io/phonepe,Verified
809,Pinterest,greenhouse,pinterest,https://boards.greenhouse.io/pinterest,Verified
810,Pixability,Greenhouse,pixability,https://job-boards.greenhouse.io/pixability#.WCJZjuFrjBI,Verified
811,Playq,greenhouse,playq,https://job-boards.greenhouse.io/playq,Verified
814,Plotly,greenhouse,plotly,https://job-boards.greenhouse.io/plotly?,Verified
821,Populla,greenhouse,poppulo,https://boards.greenhouse.io/poppulo/,Verified
826,Prodigal,greenhouse,prodigal,https://boards.greenhouse.io/prodigal,Verified
827,Profound,greenhouse,profound,https://boards.greenhouse.io/profound,Verified
837,Putnam,greenhouse,putnamassociatesllc,https://boards.greenhouse.io/putnamassociatesllc?t=17ab7bf01us,Verified
839,Quilt,greenhouse,quilt,https://boards.greenhouse.io/quilt?t=8eba49007us,Verified
841,Rackner,greenhouse,rackner,https://boards.greenhouse.io/rackner,Verified
845,Razorpay,greenhouse,razorpaysoftwareprivatelimited,https://boards.greenhouse.io/razorpaysoftwareprivatelimited,Verified
850,Refeyn,Greenhouse,refeyn,https://job-boards.eu.greenhouse.io/refeyn,Verified
855,Rightship,greenhouse,rightship,https://job-boards.eu.greenhouse.io/rightship/,Verified
864,Ruggable,greenhouse,ruggable,https://job-boards.greenhouse.io/ruggable/,Verified
867,Sagent,greenhouse,sagent,https://boards.greenhouse.io/sagent,Verified
869,SALT XC,greenhouse,saltxc,https://boards.greenhouse.io/saltxc,Verified
870,Sama,greenhouse,samainc,https://job-boards.greenhouse.io/samainc,Verified
873,Samsung Semiconductor,greenhouse,samsungsemiconductor,https://job-boards.greenhouse.io/samsungsemiconductor,Verified
876,Seamount,greenhouse,seamount,https://boards.greenhouse.io/seamount?t=55d363792us,Verified
879,SHEIN,greenhouse,shein,https://boards.greenhouse.io/shein,Verified
880,SHIELD,greenhouse,shield,https://boards.greenhouse.io/shield,Verified
889,SirenOpt,greenhouse,sirenopt,https://boards.greenhouse.io/sirenopt,Verified
890,Sixfold,Greenhouse,sixfold,https://boards.greenhouse.io/sixfold,Verified
895,smartbear,greenhouse,smartbear,https://boards.greenhouse.io/smartbear,Verified
902,Sojern,greenhouse,sojern,https://www.sojern.com/platform,Verified
905,Sony Interactive Entertainment,greenhouse,siei,https://boards.greenhouse.io/siei,Verified
906,Sony Music Career,greenhouse,sonymusicasiacareers,https://job-boards.greenhouse.io/sonymusicasiacareers,Verified
908,Sony pictures animation,greenhouse,sonypicturesanimation,https://job-boards.greenhouse.io/sonypicturesanimation,Verified
921,Suki,greenhouse,suki,https://job-boards.greenhouse.io/suki,Verified
925,Sustainable Talent,greenhouse,sustainabletalent,https://boards.greenhouse.io/sustainabletalent,Verified
931,Techstars,greenhouse,techstars57,https://boards.greenhouse.io/techstars57/,Verified
937,Tenstorrent,greenhouse,tenstorrent,https://boards.greenhouse.io/tenstorrent,Verified
939,That's No Moon,greenhouse,thatsnomoonentertainment,https://job-boards.greenhouse.io/thatsnomoonentertainment,Verified
943,Thiess,greenhouse,thiess,https://boards.greenhouse.io/thiess,Verified
944,Think Academy U.S,greenhouse,thinkacademyus,https://boards.greenhouse.io/thinkacademyus,Verified
952,Trade Republic,greenhouse,traderepublic,https://boards.greenhouse.io/traderepublic,Verified
953,TransferGo,Greenhouse,transfergo,https://boards.greenhouse.io/transfergo,Verified
958,Trove Brands,greenhouse,trovebrands,https://boards.greenhouse.io/trovebrands,Verified
959,truecaller,greenhouse,truecaller,https://boards.greenhouse.io/truecaller,Verified
965,turtle rock studios,greenhouse,turtlerockstudios,https://job-boards.greenhouse.io/turtlerockstudios,Verified
983,VGW,greenhouse,vgw,https://job-boards.greenhouse.io/vgw,Verified
988,Visual Concepts,greenhouse,visualconcepts,https://boards.greenhouse.io/visualconcepts,Verified
994,WFC LA Inc,greenhouse,wfclainc,https://boards.greenhouse.io/wfclainc,Verified
997,Whatwapp,greenhouse,whatwapp,https://boards.greenhouse.io/whatwapp,Verified
999,Wildlife Studios,greenhouse,wildlifestudios,https://boards.greenhouse.io/wildlifestudios,Verified
1004,Wooga,greenhouse,wooga,https://boards.greenhouse.io/wooga,Verified
1024,WorldFirst EU,Jobvite,worldfirst,https://jobs.jobvite.com/worldfirst/job,Verified
1029,Aera Technology,lever,aeratechnology,https://jobs.lever.co/aeratechnology,Verified
1030,Age of Learning,lever,aofl,https://jobs.lever.co/aofl,Verified
1033,Amanotes,lever,amanotes,https://jobs.lever.co/amanotes,Verified
1035,Animoca Brands,lever,animocabrands,https://jobs.lever.co/animocabrands,Verified
1039,Asobo Studio,lever,asobostudio,https://jobs.eu.lever.co/asobostudio,Verified
1040,Athena Education,lever,athena-education,https://jobs.lever.co/athena-education,Verified
1041,Avalanche Studios Group,lever,avalanchestudios,https://jobs.lever.co/avalanchestudios,Verified
1043,Balbix,lever,balbix,https://jobs.lever.co/balbix/,Verified
1046,Behaviour Interactive,lever,bhvr,https://jobs.lever.co/bhvr,Verified
1047,Bento Box Entertainment LLC,lever,bentoboxent,https://jobs.lever.co/bentoboxent,Verified
1049,Blackbird Interactive,lever,blackbirdinteractive,https://jobs.lever.co/blackbirdinteractive/,Verified
1050,Blackshark,lever,blackshark,https://jobs.eu.lever.co/blackshark,Verified
1052,bounteous,lever,bounteous,https://jobs.lever.co/bounteous/,Verified
1063,Converse.AI,lever,ConverseNow,https://jobs.lever.co/ConverseNow,Verified
1065,Cred,lever,cred,https://jobs.lever.co/cred,Verified
1066,Crytek,lever,crytek,https://jobs.lever.co/crytek,Verified
1069,Daily Wire,lever,dailywire,https://jobs.lever.co/dailywire,Verified
1073,Dream Games,lever,dreamgames,https://jobs.lever.co/dreamgames,Verified
1074,Drive mode,lever,drivemode,https://jobs.lever.co/drivemode,Verified
1075,Drivetrain,lever,drivetrain,https://jobs.lever.co/drivetrain,Verified
1079,Easybrain,lever,easybrain,https://jobs.lever.co/easybrain,Verified
1080,Echtra Games,lever,echtra,https://jobs.lever.co/echtra,Verified
1085,Enable,lever,enable,https://jobs.lever.co/enable,Verified
1088,entrata,lever,entrata,https://jobs.lever.co/entrata,Verified
1091,Everclear Foundation,lever,connext-network,https://jobs.lever.co/connext-network,Verified
1092,"Exploding Kittens, Inc.",lever,explodingkittens,https://jobs.lever.co/explodingkittens/,Verified
1093,Extreme Networks,lever,extremenetworks,https://jobs.lever.co/extremenetworks,Verified
1098,Fi,lever,epifi,https://jobs.lever.co/epifi,Verified
1101,Fliff,lever,Fliff,https://jobs.lever.co/Fliff,Verified
1103,Flow,lever,flowlife,https://jobs.lever.co/flowlife,Verified
1107,GoTo Group,lever,GoToGroup,https://jobs.lever.co/GoToGroup,Verified
1109,HHA Exchange,lever,hhaexchange,https://jobs.lever.co/hhaexchange,Verified
1112,Illumination,lever,illumination,https://jobs.lever.co/illumination,Verified
1114,Immutable,lever,immutable,https://jobs.lever.co/immutable,Verified
1116,InnoGames,lever,innogames,https://jobs.eu.lever.co/innogames,Verified
1117,Instrument,lever,instrument,https://jobs.lever.co/instrument,Verified
1122,Jam City,lever,jamcity,https://jobs.lever.co/jamcity,Verified
1126,Kabam,lever,kabam,https://jobs.lever.co/kabam/,Verified
1127,Kolibri Games,lever,kolibrigames,https://jobs.lever.co/kolibrigames,Verified
1133,lifechruh,lever,life,https://jobs.lever.co/life,Verified
1134,limit break,lever,limitbreak,https://jobs.lever.co/limitbreak/,Verified
1138,magnopus,lever,magnopus,https://jobs.lever.co/magnopus,Verified
1141,Meesho,lever,meesho,https://jobs.lever.co/meesho,Verified
1143,MetLife,lever,metlife,https://jobs.lever.co/metlife,Verified
1146,Mistplay,lever,mistplay,https://jobs.lever.co/mistplay,Verified
1148,Modulate,lever,modulate,https://jobs.lever.co/modulate,Verified
1155,NinjaVan,lever,ninjavan,https://jobs.lever.co/ninjavan,Verified
1160,Oliver Wyman,lever,oliverwyman,https://jobs.lever.co/oliverwyman,Verified
1166,Parallel Wireless,lever,parallelwireless,https://jobs.lever.co/parallelwireless,Verified
1168,Payactive,lever,payactiv,https://jobs.lever.co/payactiv,Verified
1169,Paytm,lever,paytm,https://jobs.lever.co/paytm,Verified
1170,Peak Games,lever,peakgames,https://jobs.lever.co/peakgames,Verified
1173,Poki,lever,poki,https://jobs.lever.co/poki,Verified
1174,Portcast,lever,portcast,https://jobs.lever.co/portcast,Verified
1176,PPfa,lever,ppfa,https://jobs.lever.co/ppfa,Verified
1177,Quantic Dream,lever,quanticdream,https://jobs.eu.lever.co/quanticdream,Verified
1178,Quixel,lever,quixel,https://jobs.lever.co/quixel,Verified
1181,Rapt studio,lever,RaptStudio,https://jobs.lever.co/RaptStudio/,Verified
1184,RoboMQ,lever,robomq,https://jobs.lever.co/robomq,Verified
1185,Rovio,lever,rovio-2,https://jobs.lever.co/rovio-2,Verified
1191,SEP (Scottish Equity Partners),Lever,sep,https://jobs.lever.co/sep/,Verified
1193,ShyftLabs,lever,shyftlabs,https://jobs.lever.co/shyftlabs,Verified
1196,skybox labs,lever,skyboxlabs,https://jobs.lever.co/skyboxlabs,Verified
1199,Snappr,lever,snappr,https://jobs.lever.co/snappr,Verified
1204,Spyke Games,lever,spyke-games,https://jobs.lever.co/spyke-games,Verified
1210,Track VFX,lever,trackvfx,https://jobs.lever.co/trackvfx,Verified
1211,Trendyol,lever,trendyol,https://jobs.lever.co/trendyol,Verified
1213,Vendavo,lever,vendavo,https://jobs.lever.co/vendavo,Verified
1216,WaveApps,lever,waveapps,https://jobs.lever.co/waveapps,Verified
1223,Xepelin,lever,xepelin,https://jobs.lever.co/xepelin,Verified
1229,Aermont,Linkedin,https://www.linkedin.com/company/aermont-capital-llp/jobs/,https://www.linkedin.com/company/aermont-capital-llp/jobs/,Verified
1230,ALL.SPACE,Linkedin,https://www.linkedin.com/company/allspaceltd/jobs/,https://www.linkedin.com/company/allspaceltd/jobs/,Verified
1231,Altruistiq,Linkedin,https://www.linkedin.com/company/altruistiq/jobs/,https://www.linkedin.com/company/altruistiq/jobs/,Verified
1234,Ashtead Group,Linkedin,https://www.linkedin.com/company/ashtead-group-plc/jobs/,https://www.linkedin.com/company/ashtead-group-plc/jobs/,Verified
1236,Brandbassador,Linkedin,https://www.linkedin.com/company/joinclubapp/jobs/,https://www.linkedin.com/company/joinclubapp/jobs/,Verified
1237,Brave Bison,Linkedin,https://www.linkedin.com/company/brave-bison/jobs/,https://www.linkedin.com/company/brave-bison/jobs/,Verified
1238,Business Launchpad,Linkedin,https://www.linkedin.com/company/business-launchpad/jobs/,https://www.linkedin.com/company/business-launchpad/jobs/,Verified
1239,Buster + Punch,Linkedin,https://www.linkedin.com/company/buster-punch/jobs/,https://www.linkedin.com/company/buster-punch/jobs/,Verified
1240,Cecil,Linkedin,https://www.linkedin.com/company/cecil-earth/jobs/,https://www.linkedin.com/company/cecil-earth/jobs/,Verified
1242,Compleo Health,Linkedin,https://www.linkedin.com/company/compleohealth/jobs/,https://www.linkedin.com/company/compleohealth/jobs/,Verified
1243,Contilio,Linkedin,https://www.linkedin.com/company/contilio/jobs/,https://www.linkedin.com/company/contilio/jobs/,Verified
1244,cubic,Linkedin,https://www.linkedin.com/company/cubic-dev/jobs/,https://www.linkedin.com/company/cubic-dev/jobs/,Verified
1245,Definely,Linkedin,https://www.linkedin.com/company/definely/jobs/,https://www.linkedin.com/company/definely/jobs/,Verified
1246,Deloitte,Linkedin,https://www.linkedin.com/company/deloitte/jobs/,https://www.linkedin.com/company/deloitte/jobs/,Verified
1248,FRP Advisory,Linkedin,https://www.linkedin.com/company/frp-advisory/jobs/,https://www.linkedin.com/company/frp-advisory/jobs/,Verified
1250,GiantX,Linkedin,https://www.linkedin.com/company/giantx/jobs/,https://www.linkedin.com/company/giantx/jobs/,Verified
1251,Goodstack,Linkedin,https://www.linkedin.com/company/urban-jungle-insurance/jobs/,https://www.linkedin.com/company/urban-jungle-insurance/jobs/,Verified
1253,Harris & Trotter,Linkedin,https://www.linkedin.com/company/harris-&-trotter-llp/jobs/,https://www.linkedin.com/company/harris-&-trotter-llp/jobs/,Verified
1255,Hedyn,Linkedin,https://www.linkedin.com/company/hedyn-wales/jobs/,https://www.linkedin.com/company/hedyn-wales/jobs/,Verified
1258,Insight,Linkedin,https://www.linkedin.com/company/insight/jobs/,https://www.linkedin.com/company/insight/jobs/,Verified
1259,J.D. Power,Linkedin,https://www.linkedin.com/company/jdpowerofficial/jobs/,https://www.linkedin.com/company/jdpowerofficial/jobs/,Verified
1260,Joy,Linkedin,https://www.linkedin.com/company/joyuk/jobs/,https://www.linkedin.com/company/joyuk/jobs/,Verified
1261,K2 International,Linkedin,https://www.linkedin.com/company/k2-international/jobs/,https://www.linkedin.com/company/k2-international/jobs/,Verified
1262,Keep Energy Systems,Linkedin,https://www.linkedin.com/company/keep-energy-systems/jobs/,https://www.linkedin.com/company/keep-energy-systems/jobs/,Verified
1263,Klarna,Linkedin,https://www.linkedin.com/company/klarna/jobs/,https://www.linkedin.com/company/klarna/jobs/,Verified
1265,London North Eastern Railway,Linkedin,https://www.linkedin.com/company/london-north-eastern-railway/jobs/,https://www.linkedin.com/company/london-north-eastern-railway/jobs/,Verified
1267,MAGIC,Linkedin,https://www.linkedin.com/company/magicfit2021/jobs/,https://www.linkedin.com/company/magicfit2021/jobs/,Verified
1268,Metris Energy,Linkedin,https://www.linkedin.com/company/metrisenergy/jobs/,https://www.linkedin.com/company/metrisenergy/jobs/,Verified
1269,Molo Finance,Linkedin,https://www.linkedin.com/company/molofinance/jobs/,https://www.linkedin.com/company/molofinance/jobs/,Verified
1270,Mooncup,Linkedin,https://www.linkedin.com/company/mooncup-ltd/jobs/,https://www.linkedin.com/company/mooncup-ltd/jobs/,Verified
1271,Newsquawk,Linkedin,https://www.linkedin.com/company/newsquawk/jobs/,https://www.linkedin.com/company/newsquawk/jobs/,Verified
1272,Oncimmune,Linkedin,https://www.linkedin.com/company/oncimmune/jobs/,https://www.linkedin.com/company/oncimmune/jobs/,Verified
1274,Plentific,Linkedin,https://www.linkedin.com/company/plentific/jobs/,https://www.linkedin.com/company/plentific/jobs/,Verified
1275,QCIC,Linkedin,https://www.linkedin.com/company/qcic/jobs/,https://www.linkedin.com/company/qcic/jobs/,Verified
1276,QuantSpark,Linkedin,https://www.linkedin.com/company/quantspark/jobs/,https://www.linkedin.com/company/quantspark/jobs/,Verified
1277,Rambus,Linkedin,https://www.linkedin.com/company/rambus/jobs/,https://www.linkedin.com/company/rambus/jobs/,Verified
1279,RS Integrated Supply,Linkedin,https://www.linkedin.com/company/rs-integrated-supply/jobs/,https://www.linkedin.com/company/rs-integrated-supply/jobs/,Verified
1280,Scopely,Linkedin,https://www.linkedin.com/company/scopely/jobs/,https://www.linkedin.com/company/scopely/jobs/,Verified
1281,Social Value Portal,Linkedin,https://www.linkedin.com/company/socialvalueportal/jobs/,https://www.linkedin.com/company/socialvalueportal/jobs/,Verified
1282,Sofina,Linkedin,https://www.linkedin.com/company/sofina/jobs/,https://www.linkedin.com/company/sofina/jobs/,Verified
1284,Stellantis,Linkedin,https://www.linkedin.com/company/stellantis/jobs/,https://www.linkedin.com/company/stellantis/jobs/,Verified
1285,Stream,Linkedin,https://www.linkedin.com/company/stream-fair-financial-tools/jobs/,https://www.linkedin.com/company/stream-fair-financial-tools/jobs/,Verified
1286,Studio Ulster,Linkedin,https://www.linkedin.com/company/studio-ulster/jobs/,https://www.linkedin.com/company/studio-ulster/jobs/,Verified
1287,Sweaty Betty,Linkedin,https://www.linkedin.com/company/sweaty-betty/jobs/,https://www.linkedin.com/company/sweaty-betty/jobs/,Verified
1288,Tabeo,Linkedin,https://www.linkedin.com/company/tabeo/jobs/,https://www.linkedin.com/company/tabeo/jobs/,Verified
1290,Ultralytics,Linkedin,https://www.linkedin.com/company/ultralytics/jobs/,https://www.linkedin.com/company/ultralytics/jobs/,Verified
1294,wamo,Linkedin,https://www.linkedin.com/company/wamobusiness/jobs/,https://www.linkedin.com/company/wamobusiness/jobs/,Verified
1297,Zellis,Linkedin,https://www.linkedin.com/company/zellisukltd/jobs/,https://www.linkedin.com/company/zellisukltd/jobs/,Verified
1316,Squeeze studios,recruitee,en,https://squeezestudio.recruitee.com/l/en/,Verified
1318,UpSlide,recruitee,upslide,https://upslide.recruitee.com/job-openings,Verified
1319,10times,smartrecruiters,10times,https://jobs.smartrecruiters.com/10times,Verified
1321,ACL Digital,smartrecruiters,acldigital,https://jobs.smartrecruiters.com/acldigital,Verified
1322,AdPushup,smartrecruiters,adpushup,https://jobs.smartrecruiters.com/adpushup,Verified
1323,ADVANTAGE SOLUTIONS,smartrecruiters,advantagesolutions,https://jobs.smartrecruiters.com/advantagesolutions,Verified
1325,AGENCY09,smartrecruiters,agency09,https://jobs.smartrecruiters.com/agency09,Verified
1326,AirlabInc,smartrecruiters,AirlabInc,https://careers.smartrecruiters.com/AirlabInc,Verified
1328,Alegrium,smartrecruiters,Alegrium1,https://careers.smartrecruiters.com/Alegrium1,Verified
1329,Amva Dev,smartrecruiters,AmvaDev1,https://careers.smartrecruiters.com/AmvaDev1/,Verified
1330,Applicantz,smartrecruiters,applicantz,https://jobs.smartrecruiters.com/applicantz,Verified
1331,ARHS,smartrecruiters,ARHS,https://careers.smartrecruiters.com/ARHS,Verified
1336,Atidan Technologies,smartrecruiters,atidantechnologies,https://jobs.smartrecruiters.com/atidantechnologies,Verified
1338,Baxenergy,smartrecruiters,BaxEnergy,https://careers.smartrecruiters.com/BaxEnergy,Verified
1339,Beta Craft,smartrecruiters,BetaCraftTechnologies,https://careers.smartrecruiters.com/BetaCraftTechnologies,Verified
1340,Beyond Inc.,smartrecruiters,beyondinc,https://jobs.smartrecruiters.com/beyondinc,Verified
1342,Bitlane,smartrecruiters,Bitlane,https://careers.smartrecruiters.com/Bitlane,Verified
1344,Blockville,smartrecruiters,Blockville,https://careers.smartrecruiters.com/Blockville,Verified
1350,Buckeye Broadband,smartrecruiters,buckeyebroadband,https://jobs.smartrecruiters.com/buckeyebroadband,Verified
1352,CACI,smartrecruiters,caci,https://jobs.smartrecruiters.com/caci,Verified
1355,Caterpillar Inc.,smartrecruiters,caterpillarinc,https://jobs.smartrecruiters.com/caterpillarinc,Verified
1357,Chimera Technologies,smartrecruiters,chimeratechnologies,https://jobs.smartrecruiters.com/chimeratechnologies,Verified
1358,City of Philadelphia,smartrecruiters,cityofphiladelphia,https://jobs.smartrecruiters.com/cityofphiladelphia,Verified
1362,Dataiku,smartrecruiters,dataiku,https://jobs.smartrecruiters.com/dataiku,Verified
1365,Divensi,smartrecruiters,Divensi1,https://careers.smartrecruiters.com/Divensi1,Verified
1366,Don't Nod,smartrecruiters,DONTNOD,https://careers.smartrecruiters.com/DONTNOD,Verified
1367,DOTSOFT SA,smartrecruiters,DOTSOFTSA,https://careers.smartrecruiters.com/DOTSOFTSA,Verified
1368,Dr. Panda,smartrecruiters,drpanda,https://jobs.smartrecruiters.com/drpanda,Verified
1370,DxMinds Innovation Labs Pvt Ltd,smartrecruiters,dxmindsinnovationlabspvtltd,https://jobs.smartrecruiters.com/dxmindsinnovationlabspvtltd,Verified
1372,Elevate K-12,smartrecruiters,elevatek-12,https://jobs.smartrecruiters.com/elevatek-12,Verified
1373,Epoch Games,smartrecruiters,epochgames,https://careers.smartrecruiters.com/epochgames,Verified
1374,Espressif Systems,smartrecruiters,espressifsystems,https://jobs.smartrecruiters.com/espressifsystems,Verified
1375,EssilorLuxottica,smartrecruiters,essilorluxottica,https://jobs.smartrecruiters.com/essilorluxottica,Verified
1377,Ettain Group,smartrecruiters,EttainGroup,https://careers.smartrecruiters.com/EttainGroup,Verified
1379,"EVS, Inc.",smartrecruiters,evsinc,https://jobs.smartrecruiters.com/evsinc,Verified
1381,Filmless,smartrecruiters,Filmless,https://careers.smartrecruiters.com/Filmless,Verified
1382,Finmo,smartrecruiters,finmo,https://jobs.smartrecruiters.com/finmo,Verified
1383,Fire Hose Games,smartrecruiters,FireHoseGames,https://careers.smartrecruiters.com/FireHoseGames,Verified
1384,Flaanaa,smartrecruiters,flaanaa,https://jobs.smartrecruiters.com/flaanaa,Verified
1385,Four Seasons Hotels and Resorts,smartrecruiters,fourseasonshotelsandresorts,https://jobs.smartrecruiters.com/fourseasonshotelsandresorts,Verified
1386,FreshBox Media Pvt. Ltd,smartrecruiters,freshboxmediapvtltd,https://jobs.smartrecruiters.com/freshboxmediapvtltd,Verified
1389,Funguy Studio,smartrecruiters,FunGuyStudioPhilippinesInc,https://careers.smartrecruiters.com/FunGuyStudioPhilippinesInc/,Verified
1391,Futran Solutions,smartrecruiters,futransolutions,https://jobs.smartrecruiters.com/futransolutions,Verified
1392,Futurum Technology,smartrecruiters,FuturumTechnologyLtd,https://careers.smartrecruiters.com/FuturumTechnologyLtd,Verified
1394,Game5Mobile,smartrecruiters,Game5Mobile,https://careers.smartrecruiters.com/Game5Mobile,Verified
1395,Gameloft,smartrecruiters,Gameloft,https://careers.smartrecruiters.com/Gameloft,Verified
1396,Games For Love,smartrecruiters,GamesForLove,https://careers.smartrecruiters.com/GamesForLove,Verified
1397,Gear Inc,smartrecruiters,gearinc,https://jobs.smartrecruiters.com/gearinc,Verified
1398,GEICO,smartrecruiters,geico,https://jobs.smartrecruiters.com/geico,Verified
1399,Genera Games,smartrecruiters,GeneraGames1,https://careers.smartrecruiters.com/GeneraGames1,Verified
1400,GIANTS Software,smartrecruiters,GIANTSSoftwareGmbH,https://careers.smartrecruiters.com/GIANTSSoftwareGmbH,Verified
1401,Gloify,smartrecruiters,gloify,https://jobs.smartrecruiters.com/gloify,Verified
1402,GMS Services,smartrecruiters,GMSServices,https://careers.smartrecruiters.com/GMSServices,Verified
1404,Govini,smartrecruiters,govini,https://jobs.smartrecruiters.com/govini,Verified
1405,Grab,smartrecruiters,Grab,https://careers.smartrecruiters.com/Grab/,Verified
1407,Harbinger Group,smartrecruiters,harbingergroup,https://jobs.smartrecruiters.com/harbingergroup,Verified
1410,Hive,smartrecruiters,Hive1,https://careers.smartrecruiters.com/Hive1,Verified
1411,Howard Hanna Real Estate Services,smartrecruiters,howardhannarealestateservices,https://jobs.smartrecruiters.com/howardhannarealestateservices,Verified
1412,HoYoverse,smartrecruiters,HoYoverse,https://careers.smartrecruiters.com/HoYoverse,Verified
1414,Informica Solutions,smartrecruiters,informicasolutions,https://jobs.smartrecruiters.com/informicasolutions,Verified
1418,Interview Kickstart,smartrecruiters,interviewkickstart,https://jobs.smartrecruiters.com/interviewkickstart,Verified
1423,KBG Blockchain Game Studios,smartrecruiters,K-group1,https://careers.smartrecruiters.com/K-group1,Verified
1424,Kenvue,smartrecruiters,kenvue,https://jobs.smartrecruiters.com/kenvue,Verified
1426,Knack studios,smartrecruiters,KnackStudios,https://careers.smartrecruiters.com/KnackStudios,Verified
1427,Kodo,smartrecruiters,kodo,https://jobs.smartrecruiters.com/kodo,Verified
1428,Kovai.co,smartrecruiters,kovaico,https://jobs.smartrecruiters.com/kovaico,Verified
1430,L'Oréal,smartrecruiters,loral,https://jobs.smartrecruiters.com/loral,Verified
1431,Le Collectionist,smartrecruiters,lecollectionist,https://jobs.smartrecruiters.com/lecollectionist,Verified
1432,LetsGetChecked,smartrecruiters,letsgetchecked,https://jobs.smartrecruiters.com/letsgetchecked,Verified
1433,Level All,smartrecruiters,levelall,https://jobs.smartrecruiters.com/levelall,Verified
1435,Lincoln Digital Group™,smartrecruiters,lincolndigitalgroup,https://jobs.smartrecruiters.com/lincolndigitalgroup,Verified
1437,LLNL,smartrecruiters,LLNL,https://careers.smartrecruiters.com/LLNL,Verified
1438,LOFT 17 visuals,smartrecruiters,loft17visuals,https://jobs.smartrecruiters.com/loft17visuals,Verified
1440,LottieFiles,smartrecruiters,lottiefiles,https://jobs.smartrecruiters.com/lottiefiles,Verified
1441,lumen games,smartrecruiters,lumengames,https://jobs.smartrecruiters.com/lumengames,Verified
1443,META4,smartrecruiters,META4,https://careers.smartrecruiters.com/META4,Verified
1444,MGM Resorts International,smartrecruiters,mgmresortsinternational,https://jobs.smartrecruiters.com/mgmresortsinternational,Verified
1446,miracle software,smartrecruiters,MiracleSoftwareSystem1,https://careers.smartrecruiters.com/MiracleSoftwareSystem1,Verified
1448,MixMob,smartrecruiters,MixMob,https://careers.smartrecruiters.com/MixMob,Verified
1449,MNR Solutions Pvt. Ltd.,smartrecruiters,mnrsolutionspvtltd,https://jobs.smartrecruiters.com/mnrsolutionspvtltd,Verified
1452,Moving Walls India,smartrecruiters,MovingWallsIndiaPvtLtd,https://careers.smartrecruiters.com/MovingWallsIndiaPvtLtd,Verified
1453,MPOWER Financing,smartrecruiters,mpowerfinancing,https://jobs.smartrecruiters.com/mpowerfinancing,Verified
1456,Netradyne,smartrecruiters,netradyne,https://jobs.smartrecruiters.com/netradyne,Verified
1458,News Corp,smartrecruiters,newscorp,https://jobs.smartrecruiters.com/newscorp,Verified
1460,Nine,smartrecruiters,Nine,https://careers.smartrecruiters.com/Nine,Verified
1462,NOVOMATIC Technologies Poland,smartrecruiters,novomatictechnologiespoland,https://jobs.smartrecruiters.com/novomatictechnologiespoland,Verified
1463,Nvizzio Creations,smartrecruiters,NvizzioCreations,https://careers.smartrecruiters.com/NvizzioCreations,Verified
1465,Old Skull Games,smartrecruiters,OldSkullGames1,https://careers.smartrecruiters.com/OldSkullGames1,Verified
1468,People Can Fly,smartrecruiters,PeopleCanFly,https://careers.smartrecruiters.com/PeopleCanFly,Verified
1469,PharmaACE,smartrecruiters,pharmaace,https://jobs.smartrecruiters.com/pharmaace,Verified
1471,Playwing,smartrecruiters,playwing,https://jobs.smartrecruiters.com/playwing,Verified
1474,RDS Digital,smartrecruiters,rdsdigital,https://jobs.smartrecruiters.com/rdsdigital,Verified
1476,Reality Games,smartrecruiters,realitygames,https://jobs.smartrecruiters.com/realitygames,Verified
1478,Recruitrix,smartrecruiters,Recruitrix,https://careers.smartrecruiters.com/Recruitrix,Verified
1479,Red Point Labs,smartrecruiters,RedPointLabs,https://careers.smartrecruiters.com/RedPointLabs,Verified
1480,Red Points,smartrecruiters,RedPoints1,https://careers.smartrecruiters.com/RedPoints1,Verified
1482,ResMed,smartrecruiters,resmed,https://jobs.smartrecruiters.com/resmed,Verified
1483,Revalsys Technologies,smartrecruiters,revalsystechnologies,https://jobs.smartrecruiters.com/revalsystechnologies,Verified
1486,SEGULA Technologies,smartrecruiters,SegulaTechnologies,https://careers.smartrecruiters.com/SegulaTechnologies,Verified
1489,Sigma Software,smartrecruiters,sigmasoftware2,https://careers.smartrecruiters.com/sigmasoftware2,Verified
1493,Skyrocket Ventures,smartrecruiters,skyrocketventures,https://jobs.smartrecruiters.com/skyrocketventures,Verified
1495,star marketing,smartrecruiters,starmarketing,https://jobs.smartrecruiters.com/starmarketing,Verified
1497,Stone Search,smartrecruiters,StoneSearch,https://careers.smartrecruiters.com/StoneSearch/,Verified
1500,SymphonyAI,smartrecruiters,symphonyai,https://jobs.smartrecruiters.com/symphonyai,Verified
1501,Synergy Resource Solutions,smartrecruiters,synergyresourcesolutions,https://jobs.smartrecruiters.com/synergyresourcesolutions,Verified
1503,T systems,smartrecruiters,T-SystemsICTIndiaPvtLtd1,https://careers.smartrecruiters.com/T-SystemsICTIndiaPvtLtd1,Verified
1505,Talent Folks,smartrecruiters,talentfolks,https://jobs.smartrecruiters.com/talentfolks,Verified
1506,TALENT Software Services,smartrecruiters,talentsoftwareservices,https://jobs.smartrecruiters.com/talentsoftwareservices,Verified
1507,TalentXO,smartrecruiters,talentxo,https://jobs.smartrecruiters.com/talentxo,Verified
1509,Team Pumpkin,smartrecruiters,teampumpkin,https://jobs.smartrecruiters.com/teampumpkin,Verified
1510,Techland,smartrecruiters,TechlandSA,https://careers.smartrecruiters.com/TechlandSA,Verified
1513,Technorizen Software Solution,smartrecruiters,TechnorizenSoftwareSolution,https://careers.smartrecruiters.com/TechnorizenSoftwareSolution,Verified
1514,TechVedika,smartrecruiters,TechVedika,https://careers.smartrecruiters.com/TechVedika,Verified
1516,The Mill,smartrecruiters,TheMill2,https://careers.smartrecruiters.com/TheMill2,Verified
1517,Tonic DNA,smartrecruiters,TonicDNA1,https://careers.smartrecruiters.com/TonicDNA1,Verified
1519,Uber,smartrecruiters,uber,https://jobs.smartrecruiters.com/uber,Verified
1521,Unacademy,smartrecruiters,Unacademy,https://careers.smartrecruiters.com/Unacademy,Verified
1524,Unifynd,smartrecruiters,unifynd,https://jobs.smartrecruiters.com/unifynd,Verified
1525,Untold Tales,smartrecruiters,UntoldTalesSA,https://careers.smartrecruiters.com/UntoldTalesSA,Verified
1526,"Ursus, Inc.",smartrecruiters,ursusinc,https://jobs.smartrecruiters.com/ursusinc,Verified
1528,ValU,smartrecruiters,ValU1,https://careers.smartrecruiters.com/ValU1,Verified
1529,ValueLabs,smartrecruiters,valuelabs,https://jobs.smartrecruiters.com/valuelabs,Verified
1530,Veremark,SmartRecruiters,veremark,https://careers.smartrecruiters.com/Veremark/,Verified
1534,VMD Corp,smartrecruiters,vmdcorp,https://jobs.smartrecruiters.com/vmdcorp,Verified
1535,Volks Byte,smartrecruiters,Volksbyte,https://careers.smartrecruiters.com/Volksbyte,Verified
1537,VySystems,smartrecruiters,vysystems,https://jobs.smartrecruiters.com/vysystems,Verified
1538,Wayfair,smartrecruiters,wayfair,https://jobs.smartrecruiters.com/wayfair,Verified
1540,WayUp,smartrecruiters,wayup,https://jobs.smartrecruiters.com/wayup,Verified
1542,Whatfix,smartrecruiters,whatfix,https://jobs.smartrecruiters.com/whatfix,Verified
1543,Whizz HR,smartrecruiters,whizzhr,https://jobs.smartrecruiters.com/whizzhr,Verified
1547,Yggdrasil Gaming Ltd,smartrecruiters,YggdrasilSandbox,https://careers.smartrecruiters.com/YggdrasilSandbox,Verified
1550,Addison Lee,teamtailor,addisonlee,https://addisonlee.teamtailor.com/jobs/,Verified
1551,Antare,teamtailor,antaretechnology-1748341798,https://antaretechnology-1748341798.teamtailor.com/jobs,Verified
1553,Breathe,Teamtailor,breathebatterytechnologies,https://breathebatterytechnologies.teamtailor.com/jobs/,Verified
1554,Cadeler,Teamtailor,cadeler,https://cadeler.teamtailor.com,Verified
1555,Centra,Teamtailor,centra,https://centra.teamtailor.com/jobs?department_id=21192,Verified
1556,Chip,Teamtailor,chip,https://chip.teamtailor.com/jobs/,Verified
1557,ClearRoute,Teamtailor,clearroute,https://clearroute.teamtailor.com/#jobs,Verified
1559,DNA Payments,Teamtailor,dnapayments,https://dnapayments.teamtailor.com/jobs,Verified
1561,flatfair,teamtailor,flatfair-1648573742,https://flatfair-1648573742.teamtailor.com/jobs,Verified
1562,Gravita,Teamtailor,gravita,https://gravita.teamtailor.com/jobs,Verified
1563,Hadean,Teamtailor,hadean,https://hadean.teamtailor.com/jobs,Verified
1564,Hived,Teamtailor,hivedhq,https://hivedhq.teamtailor.com/jobs/,Verified
1566,Indefi,Teamtailor,indefi,https://indefi.teamtailor.com/jobs,Verified
1567,Legl,teamtailor,legl-1684858710,https://legl-1684858710.teamtailor.com/jobs/,Verified
1568,Let's Do This,Teamtailor,letsdothis-1704821225,https://letsdothis-1704821225.teamtailor.com/jobs/,Verified
1570,Palta,Teamtailor,palta,https://palta.teamtailor.com,Verified
1571,Perkbox,Teamtailor,perkboxvivup,https://perkboxvivup.teamtailor.com/,Verified
1572,Praktika.ai,Teamtailor,praktika,https://praktika.teamtailor.com/jobs/,Verified
1574,RoslinCT,Teamtailor,roslinct,https://roslinct.teamtailor.com/jobs,Verified
1575,Scissero,Teamtailor,scissero,https://scissero.teamtailor.com/jobs,Verified
1576,Sessions,Teamtailor,sessions,https://sessions.teamtailor.com,Verified
1577,Shieldpay,Teamtailor,shieldpay,https://shieldpay.teamtailor.com/jobs,Verified
1578,Sweatcoin,Teamtailor,sweatcoin,https://sweatcoin.teamtailor.com/jobs,Verified
1579,Synthesized,Teamtailor,synthesized,https://synthesized.teamtailor.com/,Verified
1580,Teamtailor,Teamtailor,career,https://career.teamtailor.com/,Verified
1583,Varnish Software,Teamtailor,varnish-software,https://varnish-software.teamtailor.com/jobs,Verified
1587,Yonder,teamtailor,yonder,https://yonder.teamtailor.com/jobs/,Verified
1588,Perkins&Will,ultipro,Perk,https://recruiting2.ultipro.com/PER1007PWILL/JobBoard/0ca393a4-bf82-4db6-acae-91e6a0315a4a/?q=&o=postedDateDesc&w=&wc=&we=&wpst=,Verified
1642,Element,Workable,elementio,https://apply.workable.com/elementio/#jobs,Verified
1648,Fluent,Workable,fluent,https://apply.workable.com/fluent,Verified
1663,Haiilo,Workable,haiilo-1,apply.workable.com/haiilo-1,Verified
1684,Kantox,Workable,kantox,https://apply.workable.com/kantox/#jobs,Verified
1702,Matternet,Workable,matternet,https://apply.workable.com/matternet/,Verified
1728,Parcelly,Workable,parcelly,https://apply.workable.com/parcelly,Verified
1829,Bain Capital,Workday,baincapital,https://baincapital.wd1.myworkdayjobs.com/External_Public,Verified
1873,Evolito,workday,evolito,https://evolito.wd3.myworkdayjobs.com/Evolito_Career_Site/,Verified
1881,Gearbox,workday,GEC,https://gearbox.wd1.myworkdayjobs.com/en-US/GEC,Verified
1882,Gibbs Cam,workday,gibbscam-jobs,https://sandvik.wd3.myworkdayjobs.com/gibbscam-jobs/,Verified
1893,IFCO,Workday,ifcosystems,https://ifcosystems.wd3.myworkdayjobs.com/WorkingatIFCO,Verified
1901,La Caisse,Workday,cdpq,https://cdpq.wd10.myworkdayjobs.com/en-US/CDPQ,Verified
1904,Lexmark,workday,Lexmark,https://lexmark.wd1.myworkdayjobs.com/Lexmark,Verified
1925,NCR Atleos,workday,ext_apacatleos,https://ncratleos.wd1.myworkdayjobs.com/ext_apacatleos,Verified
1956,Saxo Bank,workday,CareeratSaxoBank,https://saxobank.wd3.myworkdayjobs.com/CareeratSaxoBank/,Verified
1990,Tony Blair Institute for Global Change (TBI),workday,tbinstitute,https://tbinstitute.wd3.myworkdayjobs.com/TBI,Verified
2008,Wellcome Sanger Institute,Workday,sanger,https://sanger.wd103.myworkdayjobs.com/en-US/WellcomeSangerInstitute,Verified
2025,1X,Ashby,1x,https://jobs.ashbyhq.com/1x,Verified
2033,9 Mothers,Ashby,9-mothers,https://jobs.ashbyhq.com/9-mothers,Verified
2045,Adapt API,Ashby,adapt,https://jobs.ashbyhq.com/adapt,Verified
2047,Adaptive,Ashby,adaptive,https://jobs.ashbyhq.com/adaptive,Verified
2051,Additive AI,Ashby,additiveai,https://jobs.ashbyhq.com/additiveai,Verified
2058,Agentio,Ashby,agentio,https://jobs.ashbyhq.com/agentio,Verified
2064,Airtasker,Ashby,airtasker,https://jobs.ashbyhq.com/airtasker,Verified
2066,Ajax,Ashby,ajax,https://jobs.ashbyhq.com/ajax,Verified
2069,Alcazar Energy,Ashby,alcazar-energy,https://jobs.ashbyhq.com/alcazar-energy,Verified
2071,Alembic,Ashby,alembic,https://jobs.ashbyhq.com/alembic,Verified
2074,Alex AI,Ashby,alexai,https://jobs.ashbyhq.com/alexai,Verified
2080,Alohi SA,Ashby,alohi,https://jobs.ashbyhq.com/alohi,Verified
2088,The American Housing Corporation,Ashby,american-housing,https://jobs.ashbyhq.com/american-housing,Verified
2090,Amigo,Ashby,amigo,https://jobs.ashbyhq.com/amigo,Verified
2091,amo,Ashby,amo,https://jobs.ashbyhq.com/amo,Verified
2095,Anagram,Ashby,anagram,https://jobs.ashbyhq.com/anagram,Verified
2106,Anterior,Ashby,anterior,https://jobs.ashbyhq.com/anterior,Verified
2107,Antimetal,Ashby,antimetal,https://jobs.ashbyhq.com/antimetal,Verified
2108,Anuvaya Labs,Ashby,anuvaya,https://jobs.ashbyhq.com/anuvaya,Verified
2110,AnySignal,Ashby,anysignal,https://jobs.ashbyhq.com/anysignal,Verified
2111,Anything,Ashby,anything,https://jobs.ashbyhq.com/anything,Verified
2119,Arago,Ashby,arago,https://jobs.ashbyhq.com/arago,Verified
2124,Arcade,Ashby,arcade-ai,https://jobs.ashbyhq.com/arcade-ai,Verified
2126,Archil,Ashby,archil,https://jobs.ashbyhq.com/archil,Verified
2127,Architect,Ashby,architect,https://jobs.ashbyhq.com/architect,Verified
2135,Assured,Ashby,assured-health,https://jobs.ashbyhq.com/assured-health,Verified
2143,Atomic Semi,Ashby,atomicsemi,https://jobs.ashbyhq.com/atomicsemi,Verified
2146,Auctor,Ashby,auctor,https://jobs.ashbyhq.com/auctor,Verified
2147,August,Ashby,august,https://jobs.ashbyhq.com/august,Verified
2150,"Automat, Inc.",Ashby,automat,https://jobs.ashbyhq.com/automat,Verified
2164,Barkbus,Ashby,barkbus,https://jobs.ashbyhq.com/barkbus,Verified
2168,Basic Capital,Ashby,basiccapital,https://jobs.ashbyhq.com/basiccapital,Verified
2169,Basis AI,Ashby,basis-ai,https://jobs.ashbyhq.com/basis-ai,Verified
2171,Baton,Ashby,baton,https://jobs.ashbyhq.com/baton,Verified
2172,Beacon AI,Ashby,beaconai,https://jobs.ashbyhq.com/beaconai,Verified
2175,Beam,Ashby,beam,https://jobs.ashbyhq.com/beam,Verified
2183,Bevel,Ashby,bevel,https://jobs.ashbyhq.com/bevel,Verified
2184,Bhblasted,Ashby,bhblasted,https://jobs.ashbyhq.com/bhblasted,Verified
2186,Bigger Games,Ashby,biggergames,https://jobs.ashbyhq.com/biggergames,Verified
2191,Bitvavo,Ashby,bitvavo,https://jobs.ashbyhq.com/bitvavo,Verified
2194,Bland,Ashby,bland,https://jobs.ashbyhq.com/bland,Verified
2199,Blockhouse,Ashby,blockhouse,https://jobs.ashbyhq.com/blockhouse,Verified
2200,Blockit AI,Ashby,blockit,https://jobs.ashbyhq.com/blockit,Verified
2209,"Boon Technologies, Inc.",Ashby,boon,https://jobs.ashbyhq.com/boon,Verified
2215,Brainly,Ashby,brainly,https://jobs.ashbyhq.com/brainly,Verified
2227,Browserbase,Ashby,browserbase,https://jobs.ashbyhq.com/browserbase,Verified
2233,Bureau,Ashby,bureau,https://jobs.ashbyhq.com/bureau,Verified
2236,Button Labs,Ashby,button,https://jobs.ashbyhq.com/button,Verified
2255,Casca,Ashby,casca,https://jobs.ashbyhq.com/casca,Verified
2256,Catalog,Ashby,catalog,https://jobs.ashbyhq.com/catalog,Verified
2264,Chai Discovery,Ashby,chaidiscovery,https://jobs.ashbyhq.com/chaidiscovery,Verified
2267,Charge Robotics,Ashby,charge-robotics,https://jobs.ashbyhq.com/charge-robotics,Verified
2281,Clarion,Ashby,clarion,https://jobs.ashbyhq.com/clarion,Verified
2294,Clover Sonoma,Ashby,clover-sonoma,https://jobs.ashbyhq.com/clover-sonoma,Verified
2297,Cobot,Ashby,cobot,https://jobs.ashbyhq.com/cobot,Verified
2305,Coinhako,Ashby,coinhako,https://jobs.ashbyhq.com/coinhako,Verified
2315,Stealth-mode Battery Startup,Ashby,company,https://jobs.ashbyhq.com/company,Verified
2320,comstruct ICT,Ashby,comstruct,https://jobs.ashbyhq.com/comstruct,Verified
2323,Concourse,Ashby,concourse,https://jobs.ashbyhq.com/concourse,Verified
2329,Conquest,Ashby,conquest,https://jobs.ashbyhq.com/conquest,Verified
2331,Console,Ashby,console,https://jobs.ashbyhq.com/console,Verified
2332,Context,Ashby,context,https://jobs.ashbyhq.com/context,Verified
2333,Contoro Inc.,Ashby,contoro,https://jobs.ashbyhq.com/contoro,Verified
2334,Conversion,Ashby,conversion,https://jobs.ashbyhq.com/conversion,Verified
2341,Cortea AI,Ashby,cortea,https://jobs.ashbyhq.com/cortea,Verified
2343,Cosmic Robotics,Ashby,cosmic-robotics,https://jobs.ashbyhq.com/cosmic-robotics,Verified
2352,Credal,Ashby,credal,https://jobs.ashbyhq.com/credal,Verified
2373,Darwin,Ashby,darwin,https://jobs.ashbyhq.com/darwin,Verified
2375,DatologyAI,Ashby,datologyai,https://jobs.ashbyhq.com/datologyai,Verified
2377,David AI,Ashby,david-ai,https://jobs.ashbyhq.com/david-ai,Verified
2397,Develop Health,Ashby,develop-health,https://jobs.ashbyhq.com/develop-health,Verified
2399,Dexmate,Ashby,dexmate,https://jobs.ashbyhq.com/dexmate,Verified
2402,Distributed Spectrum,Ashby,distributed-spectrum,https://jobs.ashbyhq.com/distributed-spectrum,Verified
2404,Diversified Botanics,Ashby,diversified-botanics,https://jobs.ashbyhq.com/diversified-botanics,Verified
2409,doe,Ashby,doe,https://jobs.ashbyhq.com/doe,Verified
2410,Doji,Ashby,doji,https://jobs.ashbyhq.com/doji,Verified
2425,Dyna Robotics,Ashby,dyna-robotics,https://jobs.ashbyhq.com/dyna-robotics,Verified
2441,ellamind,Ashby,ellamind,https://jobs.ashbyhq.com/ellamind,Verified
2446,Empora Title,Ashby,empora,https://jobs.ashbyhq.com/empora,Verified
2447,Endex,Ashby,endex,https://jobs.ashbyhq.com/endex,Verified
2448,Endurance Energy,Ashby,endurance-energy,https://jobs.ashbyhq.com/endurance-energy,Verified
2456,Etched,Ashby,etched,https://jobs.ashbyhq.com/etched,Verified
2459,Eventual,Ashby,eventualcomputing,https://jobs.ashbyhq.com/eventualcomputing,Verified
2467,Every.io,Ashby,every-io,https://jobs.ashbyhq.com/every-io,Verified
2469,Exa,Ashby,exa,https://jobs.ashbyhq.com/exa,Verified
2472,Extend,Ashby,extend,https://jobs.ashbyhq.com/extend,Verified
2479,Fabrion,Ashby,fabrion,https://jobs.ashbyhq.com/fabrion,Verified
2492,Arbor,Ashby,findarbor,https://jobs.ashbyhq.com/findarbor,Verified
2500,First Street,Ashby,firststreet,https://jobs.ashbyhq.com/firststreet,Verified
2502,Fizz,Ashby,fizz,https://jobs.ashbyhq.com/fizz,Verified
2505,Flink Robotics,Ashby,flink,https://jobs.ashbyhq.com/flink,Verified
2516,Foresite Labs (Stealth Co),Ashby,foresite-labs-fl2024-006,https://jobs.ashbyhq.com/foresite-labs-fl2024-006,Verified
2517,Formal,Ashby,formal,https://jobs.ashbyhq.com/formal,Verified
2531,Fulcrum,Ashby,fulcrum,https://jobs.ashbyhq.com/fulcrum,Verified
2537,Fuse,Ashby,fuse,https://jobs.ashbyhq.com/fuse,Verified
2543,Gecko Robotics,Ashby,gecko-robotics,https://jobs.ashbyhq.com/gecko-robotics,Verified
2544,The General Intelligence Company of New York,Ashby,generalintelligencecompany,https://jobs.ashbyhq.com/generalintelligencecompany,Verified
2546,Genmo,Ashby,genmo,https://jobs.ashbyhq.com/genmo,Verified
2548,Geoforce,Ashby,geoforce,https://jobs.ashbyhq.com/geoforce,Verified
2550,Gimlet Labs,Ashby,gimlet,https://jobs.ashbyhq.com/gimlet,Verified
2555,Glomopay,Ashby,glomo,https://jobs.ashbyhq.com/glomo,Verified
2567,Venti Technologies,Ashby,goventi,https://jobs.ashbyhq.com/goventi,Verified
2572,Graphite,Ashby,graphite,https://jobs.ashbyhq.com/graphite,Verified
2574,Gravity,Ashby,gravity,https://jobs.ashbyhq.com/gravity,Verified
2579,Green Tree School & Services,Ashby,green-tree-school-and-services,https://jobs.ashbyhq.com/green-tree-school-and-services,Verified
2581,Grepr,Ashby,grepr,https://jobs.ashbyhq.com/grepr,Verified
2591,Gumloop,Ashby,gumloop,https://jobs.ashbyhq.com/gumloop,Verified
2592,H3X Technologies,Ashby,h3x-technologies,https://jobs.ashbyhq.com/h3x-technologies,Verified
2611,Heliux Inc.,Ashby,heliux,https://jobs.ashbyhq.com/heliux,Verified
2618,Highbeam,Ashby,highbeam,https://jobs.ashbyhq.com/highbeam,Verified
2639,Hotplate,Ashby,hotplate,https://jobs.ashbyhq.com/hotplate,Verified
2643,humans&,Ashby,humans-and,https://jobs.ashbyhq.com/humans-and,Verified
2647,Hyperbound,Ashby,hyperbound,https://jobs.ashbyhq.com/hyperbound,Verified
2649,IA Collaborative,Ashby,iacollaborative,https://jobs.ashbyhq.com/iacollaborative,Verified
2654,Impulse Labs,Ashby,impulse,https://jobs.ashbyhq.com/impulse,Verified
2659,Field Technologies FZCO,Ashby,infinitefield,https://jobs.ashbyhq.com/infinitefield,Verified
2665,Inkeep,Ashby,inkeep,https://jobs.ashbyhq.com/inkeep,Verified
2673,Interaction,Ashby,interaction,https://jobs.ashbyhq.com/interaction,Verified
2674,Intology,Ashby,intology,https://jobs.ashbyhq.com/intology,Verified
2681,iyo,Ashby,iyo,https://jobs.ashbyhq.com/iyo,Verified
2695,Julius AI,Ashby,julius,https://jobs.ashbyhq.com/julius,Verified
2717,Kinetic,Ashby,kinetic,https://jobs.ashbyhq.com/kinetic,Verified
2720,Kittl,Ashby,kittl,https://jobs.ashbyhq.com/kittl,Verified
2723,CPOHQ + Knoetic AI,Ashby,knoetic,https://jobs.ashbyhq.com/knoetic,Verified
2724,Knot,Ashby,knot,https://jobs.ashbyhq.com/knot,Verified
2725,Knowledge Road,Ashby,knowledge-road,https://jobs.ashbyhq.com/knowledge-road,Verified
2730,Kodifly,Ashby,kodifly,https://jobs.ashbyhq.com/kodifly,Verified
2737,Konvu,Ashby,konvu,https://jobs.ashbyhq.com/konvu,Verified
2742,Krew,Ashby,krew,https://jobs.ashbyhq.com/krew,Verified
2748,Langdock,Ashby,langdock,https://jobs.ashbyhq.com/langdock,Verified
2750,LAP Coffee,Ashby,lap,https://jobs.ashbyhq.com/lap,Verified
2762,Lean Technologies,Ashby,leantech,https://jobs.ashbyhq.com/leantech,Verified
2773,Letta,Ashby,letta,https://jobs.ashbyhq.com/letta,Verified
2774,Level,Ashby,level,https://jobs.ashbyhq.com/level,Verified
2775,Levelpath,Ashby,levelpath,https://jobs.ashbyhq.com/levelpath,Verified
2778,Lifen,Ashby,lifen,https://jobs.ashbyhq.com/lifen,Verified
2781,Lightfield,Ashby,lightfield,https://jobs.ashbyhq.com/lightfield,Verified
2801,The Lumber Manufactory,Ashby,lumbermanufactory,https://jobs.ashbyhq.com/lumbermanufactory,Verified
2840,MaxRewards,Ashby,maxrewards,https://jobs.ashbyhq.com/maxrewards,Verified
2844,"Mechanize, Inc.",Ashby,mechanize,https://jobs.ashbyhq.com/mechanize,Verified
2848,Medra,Ashby,medraai,https://jobs.ashbyhq.com/medraai,Verified
2854,Merge,Ashby,merge,https://jobs.ashbyhq.com/merge,Verified
2856,Metaforms,Ashby,metaforms,https://jobs.ashbyhq.com/metaforms,Verified
2866,Mintlify,Ashby,mintlify,https://jobs.ashbyhq.com/mintlify,Verified
2871,Modal,Ashby,modal,https://jobs.ashbyhq.com/modal,Verified
2876,Momentic,Ashby,momentic,https://jobs.ashbyhq.com/momentic,Verified
2877,Monarch,Ashby,monarchcrops,https://jobs.ashbyhq.com/monarchcrops,Verified
2881,Monumental,Ashby,monumental,https://jobs.ashbyhq.com/monumental,Verified
2882,Moonlake,Ashby,moonlake,https://jobs.ashbyhq.com/moonlake,Verified
2895,Mutiny,Ashby,mutiny,https://jobs.ashbyhq.com/mutiny,Verified
2906,NationGraph,Ashby,nationgraph,https://jobs.ashbyhq.com/nationgraph,Verified
2910,Nelo,Ashby,nelo,https://jobs.ashbyhq.com/nelo,Verified
2920,Netic,Ashby,netic,https://jobs.ashbyhq.com/netic,Verified
2923,Neurophos,Ashby,neurophos,https://jobs.ashbyhq.com/neurophos,Verified
2933,Nexus Marketing,Ashby,nexus-marketing,https://jobs.ashbyhq.com/nexus-marketing,Verified
2938,Noetica,Ashby,noetica,https://jobs.ashbyhq.com/noetica,Verified
2939,Noise Labs,Ashby,noise-labs,https://jobs.ashbyhq.com/noise-labs,Verified
2952,Numeric,Ashby,numeric,https://jobs.ashbyhq.com/numeric,Verified
2953,NumerixS Quant,Ashby,numerixs-quant,https://jobs.ashbyhq.com/numerixs-quant,Verified
2959,OffDeal,Ashby,offdeal,https://jobs.ashbyhq.com/offdeal,Verified
2962,Oligo Space,Ashby,oligo,https://jobs.ashbyhq.com/oligo,Verified
2974,OneSchema,Ashby,oneschema,https://jobs.ashbyhq.com/oneschema,Verified
2978,Onyx,Ashby,onyx,https://jobs.ashbyhq.com/onyx,Verified
2979,OpenGov,Ashby,opengov,https://jobs.ashbyhq.com/opengov,Verified
2987,Orbit Neuro Co.,Ashby,orbit,https://jobs.ashbyhq.com/orbit,Verified
2999,Outsmart,Ashby,outsmart,https://jobs.ashbyhq.com/outsmart,Verified
3011,Panther Life Sciences,Ashby,panther-life-sciences,https://jobs.ashbyhq.com/panther-life-sciences,Verified
3017,Parallel Web Systems,Ashby,parallel,https://jobs.ashbyhq.com/parallel,Verified
3018,"Parallel Fluidics, Inc.",Ashby,parallel-fluidics,https://jobs.ashbyhq.com/parallel-fluidics,Verified
3024,Parspec,Ashby,parspec,https://jobs.ashbyhq.com/parspec,Verified
3035,Peec AI,Ashby,peec,https://jobs.ashbyhq.com/peec,Verified
3046,"Perry Weather, Inc.",Ashby,perryweather,https://jobs.ashbyhq.com/perryweather,Verified
3048,Phia,Ashby,phia,https://jobs.ashbyhq.com/phia,Verified
3051,Phoenix,Ashby,phoenix,https://jobs.ashbyhq.com/phoenix,Verified
3054,Physical Intelligence,Ashby,physicalintelligence,https://jobs.ashbyhq.com/physicalintelligence,Verified
3055,Pika,Ashby,pika,https://jobs.ashbyhq.com/pika,Verified
3060,"Plane Software, Inc.",Ashby,plane,https://jobs.ashbyhq.com/plane,Verified
3066,Playground,Ashby,playground,https://jobs.ashbyhq.com/playground,Verified
3072,Podium Automation,Ashby,podium-automation,https://jobs.ashbyhq.com/podium-automation,Verified
3074,PointOne,Ashby,pointone,https://jobs.ashbyhq.com/pointone,Verified
3092,Prior Labs,Ashby,prior-labs,https://jobs.ashbyhq.com/prior-labs,Verified
3097,ProductNow,Ashby,product-now,https://jobs.ashbyhq.com/product-now,Verified
3101,Promise Studios,Ashby,promise-studios,https://jobs.ashbyhq.com/promise-studios,Verified
3120,QuantWare,Ashby,quantware,https://jobs.ashbyhq.com/quantware,Verified
3136,Range,Ashby,range,https://jobs.ashbyhq.com/range,Verified
3150,Reevo,Ashby,reevo,https://jobs.ashbyhq.com/reevo,Verified
3151,Reflect Orbital,Ashby,reflect-orbital,https://jobs.ashbyhq.com/reflect-orbital,Verified
3152,Reflex Robotics,Ashby,reflexrobotics,https://jobs.ashbyhq.com/reflexrobotics,Verified
3162,Remilia Corporation,Ashby,remilia,https://jobs.ashbyhq.com/remilia,Verified
3169,Replo,Ashby,replo,https://jobs.ashbyhq.com/replo,Verified
3179,Revise Robotics,Ashby,reviserobotics,https://jobs.ashbyhq.com/reviserobotics,Verified
3193,Rivermont Schools,Ashby,rivermont-schools,https://jobs.ashbyhq.com/rivermont-schools,Verified
3205,Root Access,Ashby,root-access,https://jobs.ashbyhq.com/root-access,Verified
3221,SalesPatriot,Ashby,salespatriot,https://jobs.ashbyhq.com/salespatriot,Verified
3222,Salient,Ashby,salient,https://jobs.ashbyhq.com/salient,Verified
3248,Sensmore,Ashby,sensmore,https://jobs.ashbyhq.com/sensmore,Verified
3255,Serif.ai,Ashby,serif,https://jobs.ashbyhq.com/serif,Verified
3258,The San Francisco Compute Company,Ashby,sfcompute,https://jobs.ashbyhq.com/sfcompute,Verified
3263,Sieve,Ashby,sieve,https://jobs.ashbyhq.com/sieve,Verified
3278,Slant,Ashby,slant,https://jobs.ashbyhq.com/slant,Verified
3294,Softlight,Ashby,softlight,https://jobs.ashbyhq.com/softlight,Verified
3296,Solcoa Industries,Ashby,solcoa,https://jobs.ashbyhq.com/solcoa,Verified
3304,Spacecurve,Ashby,spacecurve,https://jobs.ashbyhq.com/spacecurve,Verified
3309,Speakeasy,Ashby,speakeasy,https://jobs.ashbyhq.com/speakeasy,Verified
3311,Specter,Ashby,specter,https://jobs.ashbyhq.com/specter,Verified
3319,Standard Template Labs,Ashby,st-labs,https://jobs.ashbyhq.com/st-labs,Verified
3326,Standard Fleet,Ashby,standardfleet,https://jobs.ashbyhq.com/standardfleet,Verified
3332,Steadily,Ashby,steadily,https://jobs.ashbyhq.com/steadily,Verified
3348,Succinct,Ashby,succinct,https://jobs.ashbyhq.com/succinct,Verified
3371,Tacto,Ashby,tacto,https://jobs.ashbyhq.com/tacto,Verified
3375,Tako,Ashby,tako,https://jobs.ashbyhq.com/tako,Verified
3392,Tebi,Ashby,tebi,https://jobs.ashbyhq.com/tebi,Verified
3395,telli,Ashby,telli,https://jobs.ashbyhq.com/telli,Verified
3402,Tenex,Ashby,tenexlabs,https://jobs.ashbyhq.com/tenexlabs,Verified
3405,TerraFirma Robotics,Ashby,terrafirma,https://jobs.ashbyhq.com/terrafirma,Verified
3406,Terranova,Ashby,terranova,https://jobs.ashbyhq.com/terranova,Verified
3415,The Bot Company,Ashby,thebotcompany,https://jobs.ashbyhq.com/thebotcompany,Verified
3417,Thera,Ashby,thera,https://jobs.ashbyhq.com/thera,Verified
3421,Thread AI,Ashby,thread-ai,https://jobs.ashbyhq.com/thread-ai,Verified
3428,Titan,Ashby,titan,https://jobs.ashbyhq.com/titan,Verified
3429,Titan,Ashby,titan-msp,https://jobs.ashbyhq.com/titan-msp,Verified
3432,TOMS,Ashby,toms,https://jobs.ashbyhq.com/toms,Verified
3439,Traction Wellness Group,Ashby,traction-wellness-group,https://jobs.ashbyhq.com/traction-wellness-group,Verified
3456,Twelve,Ashby,twelve,https://jobs.ashbyhq.com/twelve,Verified
3460,Two Dots,Ashby,two-dots,https://jobs.ashbyhq.com/two-dots,Verified
3466,Union Technologies,Ashby,union-tech,https://jobs.ashbyhq.com/union-tech,Verified
3473,Unlimited,Ashby,unlimitedindustries,https://jobs.ashbyhq.com/unlimitedindustries,Verified
3474,Unto Labs,Ashby,unto-labs,https://jobs.ashbyhq.com/unto-labs,Verified
3475,Unwrap,Ashby,unwrap,https://jobs.ashbyhq.com/unwrap,Verified
3493,Vellum,Ashby,vellum,https://jobs.ashbyhq.com/vellum,Verified
3495,Venn,Ashby,venn,https://jobs.ashbyhq.com/venn,Verified
3510,Vivid,Ashby,vivid,https://jobs.ashbyhq.com/vivid,Verified
3518,Vooma,Ashby,vooma,https://jobs.ashbyhq.com/vooma,Verified
3520,Vorticity Inc.,Ashby,vorticity,https://jobs.ashbyhq.com/vorticity,Verified
3521,Vorto,Ashby,vorto,https://jobs.ashbyhq.com/vorto,Verified
3522,Vow,Ashby,vow,https://jobs.ashbyhq.com/vow,Verified
3545,Windmill,Ashby,windmill,https://jobs.ashbyhq.com/windmill,Verified
3550,withco,Ashby,withco,https://jobs.ashbyhq.com/withco,Verified
3551,daydream,Ashby,withdaydream,https://jobs.ashbyhq.com/withdaydream,Verified
